관광지명,관광지구분,소재지도로명주소,소재지지번주소,공공편익시설정보,지정일자,수용인원수,주차가능수,관광지소개,관리기관전화번호,관리기관명,데이터기준일자,제공기관명
홍주의사총,관광지,충청남도 홍성군 홍성읍 의사로 79,,문화관광해설사 배치+화장실+주차장,2001-08-17,200,80,홍주의사총 : 1973년 12월 24일 충청남도기념물로 지정,041-633-8733,충청남도 홍성군청,2024-06-28,충청남도 홍성군
결성동헌,관광지,충청남도 홍성군 흥남서로 738번길,,문화관광해설사 배치+화장실+주차장,1989-04-20,20,20,결성동헌 : 조선시대 관아 1989년 4월 20일 충남문화재 지정,041-634-8712,충청남도 홍성군청,2024-06-28,충청남도 홍성군
구드래관광지,관광지,충청남도 부여군 부여읍 백강로 148,충청남도 부여군 부여읍 구교리 17-4,광장+선착장+조각공원,1969-01-21,45000,300,백마강과 함께 가족단위 공원 심터 및 생활체육을 즐길수 있는 웰빙관광지,041-830-2222,충청남도 부여군청,2023-07-19,충청남도 부여군
서동요역사관광지,관광지,충청남도 부여군 충화면 충신로 618,충청남도 부여군 충화면 가화리 313,관리사무소+주차장+화장실,2008-11-20,400,150,역사문화환경을 구축하여 부여 대표 관광명소,041-830-2222,충청남도 부여군청,2023-07-19,충청남도 부여군
백야 김좌진 장군 생가,관광지,충청남도 홍성군 갈산면 백야로 546번길 12,,문화관광해설사 배치+화장실+주차장,1989-12-29,200,60,백야 김좌진 장군 생가 : 일제강점기 독립운동가 김좌진 의 생가터. 충청남도 기념물 제76호,041-634-6952,충청남도 홍성군청,2024-06-28,충청남도 홍성군
한용운선생생가지,관광지,충청남도 홍성군 결성면 만해로 318번길 83,,문화관광해설사 배치+화장실+주차장,1989-12-29,100,50,한용운선생생가지 : 1989년 12월 29일 충청남도 기념물 제75호 지정,041-642-6716,충청남도 홍성군청,2024-06-28,충청남도 홍성군
성삼문 선생 유허지,관광지,충청남도 홍성군 홍북읍 매죽헌길 403-12,,문화관광해설사 배치+화장실+주차장,1973-12-24,10,0,성삼문 선생 유허지) : 국가유산,041-630-1221,충청남도 홍성군청,2024-06-28,충청남도 홍성군
홍주성 역사관,관광지,충청남도 홍성군 홍성읍 아문길 20,,문화관광해설사 배치+화장실+주차장+체험실,2011-07-01,100,0,"홍주성 역사관 : 홍성 역사 연구, 발굴, 조사, 전시, 교육 기관",041-630-9240,충청남도 홍성군청,2024-06-28,충청남도 홍성군
충남보훈관,관광지,충청남도 홍성군 홍성읍 상하천로,,문화관광해설사 배치+화장실+주차장+체험실,2014-02-01,50,2,충남보훈관 : 호국보훈을 기리는 전시장,041-635-1090,충청남도 홍성군청,2024-06-28,충청남도 홍성군
대천해수욕장,관광지,충청남도 보령시 머드로 123,충청남도 보령시 신흑동 2267-3,화장실+샤워장+급수대+관광안내소+주차장+야영장,2021-07-06,96200,3209,대천해수욕장은 젊음과 낭만+안락함과 자연미가 함께 어우러져 있는 곳이다. 젊은 연인들에게는 추억 만들기의 장소로서 또 가족 단위의 휴식처로서 해양스포츠의 메카로서 제반 요건을 충분히 갖추고 있다.,041-930-6810,충청남도 보령시청 해수욕장경영과,2023-11-30,충청남도 보령시
무창포해수욕장,관광지,충청남도 보령시 웅천읍 열린바다1길 10,충청남도 보령시 웅천읍 관당리 799-1,화장실+샤워장+급수대+관광안내소+주차장+야영장,2021-07-06,16300,647,1928년 서해안에서 최초로 개장된 해수욕장으로 백사장 길이 1.5km 수심 1 ~ 2m+백사장 50m+수온 섭씨 22도+경사도 4도의 해수욕장으로 주변에는 송림이 울창하여 해수욕과 산림욕을 함께 즐길 수가 있다.,041-930-6802,충청남도 보령시청 해수욕장경영과,2023-11-30,충청남도 보령시
천안종합휴양관광지,관광지,충청남도 천안시 동남구 성남면 종합휴양지로 200,,주차장,1996-07-02,5000,500,"중부권 최대의 온천관광지로 워터파크, 휴양콘도, 천안예술의 전당이 있음.",041-906-7000,소노벨 천안,2024-06-11,충청남도 천안시
태조산관광지,관광지,충청남도 천안시 동남구 태조산길 261,,주차장,1985-07-24,10000,300,유량동 태조산 아래에 자리잡힌 넓은 공원으로 천안시민들의 문화ㆍ휴식 공간,041-550-2520,천안시시설관리공단,2024-06-11,충청남도 천안시
남당,관광지,,충청남도 홍성군 서부면 남당리 859-2,관광안내소+화장실+주차장,2007-09-20,10000,408,대하 우럭 새조개 꽃게 등 사시사철 싱싱한 수산물을 맛볼수 있으며 잔잔한 은빛 수면으로 석양이 아름다움을 느낄 수 있음(2023.07.27.기준 미운영중),041-630-1300,충청남도 홍성군청,2024-06-28,충청남도 홍성군
태고사,관광지,충청남도 금산군 진산면 청림동로 440,충청남도 금산군 진산면 행정리 512-1,관리사무소+화장실(2동),1984-05-17,150,30,대둔산 최고봉 마천대 다음 제2봉우리 낙조대 아래 동북쪽에 자리 잡고 있는 금산의 고찰이다.,041-750-2273,충청남도 금산군청,2024-07-09,충청남도 금산군
개삼터,관광지,충청남도 금산군 남이면 개삼로 101,충청남도 금산군 남이면 성곡리 826,화장실(1동)+주차장,2018-02-20,500,37,신비의 영약 인삼의 시배지,041-750-2257,충청남도 금산군청,2024-07-09,충청남도 금산군
마곡사관광지,관광지,,충청남도 공주시 사곡면 운암리 731-2,화장실+주차장,1994-03-30,5000,100,천년고찰 마곡사 관광지,1899-0088,공주시,2022-11-23,충청남도 공주시
공주문화관광지,관광지,,충청남도 공주시 웅진동 431,화장실+주차장+관리사무소+관광안내소,2007-09-27,5000,100,백제역사 유적관광지,1899-0088,공주시,2022-11-23,충청남도 공주시
삽교호관광지,관광지,충청남도 당진시 신평면 삽교천3길 100,,공중화장실+테마과학관+근린공원,1983-10-10,500000,728,"서해대교를 비롯, 호수와 바다가 한눈에 들어오는 곳",041-350-3601,충청남도 당진시청,2022-12-01,충청남도 당진시
왜목마을관광지,관광지,충청남도 당진시 석문면 왜목길 15-5,,공중화장실+공연장+전망대,2002-02-26,300000,150,"서해 최고의 일출, 일몰 감상지",041-350-3601,충청남도 당진시청,2022-12-01,충청남도 당진시
난지섬관광지,관광지,충청남도 당진시 석문면 난지1길 67,,공중화장실+공연장+전망대,2007-02-28,100000,150,바다가 맑고 한적한 섬 해수욕장,041-350-3601,충청남도 당진시청,2022-12-01,충청남도 당진시
예당관광지,관광지,충청남도 예산군 응봉면 예당관광로 161,,관리사무소+화장실(6동)+주차장,1986-05-02,20000,185,"예당호를 배경으로 예당호 출렁다리, 예당호 조각공원, 느린호수길, 캠핑장, 야영장이 조성되어 있어 가족단위 휴양객이 즐길수 있는 관광지",041-339-8282,충청남도 예산군청,2023-05-22,충청남도 예산군
덕산온천관광단지,관광단지,충청남도 예산군 덕산면 온천단지2로 11,충청남도 예산군 덕산면 신평리 513,관광안내소+화장실(2동)+주차장,1981-09-22,100000,350,"1917년 처음으로 탕을 이용한 온천으로 개장됐으며, 49도씨 이상의 천연중탄산나트륨 온천수로 전국 최고의 온천수로 인정받고 있다.",041-339-7303,충청남도 예산군청,2023-05-22,충청남도 예산군
용현자연휴양림,관광지,충청남도 서산시 운산면 마애삼존불길 339,,관리사무소+화장실+주차장,2000-06-12,800,98,용현계곡 한가운데 자리해 심산유곡의 경치를 자랑하는 산림휴양의 적지,041-664-1971,국립자연휴양림관리소,2022-08-25,충청남도 서산시
해미읍성,관광지,충청남도 서산시 해미면 남문2로 143,,사무실+화장실+주차장,1963-01-21,300000,24000,500년 옛모습을 잘 간직한 조선시대 석축 읍성,041-660-3069,서산시 문화시설사업소+해미읍성관광안내소,2022-08-25,충청남도 서산시
간월도관광지,관광지,,충청남도 서산시 부석면 간월도리 산33 일원,화장실+주차장,2000-05-04,100000,139,개발진행중,041-660-2373,충청남도 서산시청 관광과,2022-08-25,충청남도 서산시
서산류방택천문기상과학관,관광지,충청남도 서산시 인지면 무학로 1353-4,,사무실+화장실+주차장,2011-07-11,280,25,천상열차분야지도를 제작한 충남 서산 출신 고려말 천문학자 류방택 선생의 뜻을 기려 설립된 과학관,041-669-8496,서산시 문화시설사업소+류방택천문기상과학관관리소,2022-08-25,충청남도 서산시
서산버드랜드,관광지,충청남도 서산시 부석면 천수만로 655-73,,화장실(5동)+주차장+안내소(4개소),2013-11-01,10000,200,철새도래시기에는 천수만에 도래하는 철새들을 탐조투어를 통해 볼 수 있고 특별프로그램 기간에는 각종 체험행사 등을 경험할 수 있으며 4D 영상 등의 볼거리가 있음,041-661-8054,서산시 버드랜드사업소,2022-08-25,충청남도 서산시
백제문화관광단지,관광단지,충청남도 부여군 규암면 백제문로 400,충청남도 부여군 규암면 합정리 578,주차장+화장실,2015-01-12,100000,3000,"고유의 교육적 가치 제고 및 관광, 지역경제 활성화를 위한 슈요자 중심의 체류형 종합 관광단지",041-830-2222,충청남도 부여군청,2023-07-19,충청남도 부여군
금강하구둑관광지,관광지,충청남도 서천군 마서면 장산로 855번길 56-2,충청남도 서천군 마서면 도삼리 71-5,종합안내소+주차장+화장실,1993-09-22,5000,486,"금강을 경계로 군산과 인접하고 있으며, 철새도래지로 유려한 철새군무를 볼수 있고 먹거리가 풍부함",041-950-4018,충청남도 서천군청,2022-11-24,충청남도 서천군
춘장대,관광지,충청남도 서천군 서면 춘장대길 20,충청남도 서천군 서면 도둔리 1319,종합안내소+주차장+화장실+취사장,1977-04-21,100000,300,국내 유일의 해송림 해수욕장으로 캠핑장과 조개잡이 체험등 다양한 즐길거리와 인근 동백정 마량항등 볼거리도 풍부,041-950-4091,충청남도 서천군청,2022-11-24,충청남도 서천군
태조대왕태실,관광지,,충청남도 금산군 추부면 마전리 산 1-86,화장실(1동)+주차장,1989-04-20,100,100,조선을 개국한 태조가 함경도 용연지역에 있는 자신의 태를 이 산에 옮겨와 태자의 태와 함께 안치하여 나라의 태평성대를 염원한데서 그 유래를 찾을 수 있다.,041-750-2273,충청남도 금산군청,2024-07-09,충청남도 금산군
보석사,관광지,충청남도 금산군 남이면 보석사1길 30,충청남도 금산군 남이면 석동리 711,관리사무소+화장실(2동)+주차장,1993-11-12,100,20,"나무 천년, 절집 천년",041-750-2273,충청남도 금산군청,2024-07-09,충청남도 금산군
보석사 은행나무,관광지,충청남도 금산군 남이면 보석사1길 30,충청남도 금산군 남이면 석동리 711,관리사무소+화장실(2동)+주차장,1990-08-02,60,20,"나무 천년, 절집 천년",041-750-2273,충청남도 금산군청,2024-07-09,충청남도 금산군
칠백의총,관광지,충청남도 금산군 금성면 의총길 50,충청남도 금산군 금성면 의총리 216,관리사무소+화장실(5동)+주차장,1963-01-21,4600,116,임진왜란(1592) 당시 1만 5천의 왜군과 싸우다가 수적 열세였지만 적에게 큰 타격을 입히고 장렬히 전사한 700 의승병들의 유해를 모신 호국영령의 성지이다,041-753-8701,문화재청칠백의총관리사무소,2024-07-09,충청남도 금산군
만리포 관광지,관광지,충청남도 태안군 소원면 만리포2길 190-3,,관리사무소+화장실+주차장,2010-05-06,30000,1805,만리포 해수욕장에 멋진 바다가 한눈에 보이고 항구가 많으니 놀거리 볼거리가 많아서 다양하게 관람할수 있음,041-670-2771,충청남도 태안군청,2024-07-02,충청남도 태안군
신정호국민관광지,관광지,충청남도 아산시 신정로 616,충청남도 아산시 방축동 5,관리사무소+화장실+주차장+변전실,1971-05-20,2000,670,신정호는 담수면적이 92ha이며 농업용수 공급을 목적으로 1926년에 만들어진 인공호수이다.,041-540-8725,충청남도 아산시청,2023-07-21,충청남도 아산시
아산온천관광지,관광지,충청남도 아산시 송악면 도송로632번길 138,충청남도 아산시 음봉면 신수리 292-6,"관리사무소+,화장실+,주차장+일반광장",1991-03-15,1500,350,"1987년에 발견되어, 1991년에 관광지로 지정된 아산온천은 2001년 테마 온천 시설인 아산스파비스가 개장된 이후로 인기가 높다. 약알칼리성 온천으로 20여종의 인체에 유익한 성분이 다량 함유되어 있다.",041-540-2822,충청남도 아산시청,2023-07-21,충청남도 아산시
사계고택,관광지,충청남도 계룡시 두마면 사계로 122-4,충청남도 계룡시 두마면 두계리 96,관리사무소+화장실(1동)+주차장,2013-11-11,150,10,조선중기 유학의 대가 사계김장생 선생의고택,042-840-2412,충청남도 계룡시,2023-08-08,충청남도 계룡시
모원재,관광지,충청남도 계룡시 두마면 왕대2길6-10,충청남도 계룡시 두마면 왕대리 281-1,화장실(1동)+주차장,1989-04-20,300,35,사계 김장생 선생의 5대 선친인 김국광의 재실,042-840-2412,충청남도 계룡시,2023-08-08,충청남도 계룡시
염선재,관광지,충청남도 계룡시 사계로 5-16(금암동),충청남도 계룡시 금암동 45,주차장,1990-09-27,10,2,사계 김장생 선생의 계배 순천김씨의 재실,042-840-2412,충청남도 계룡시,2023-08-08,충청남도 계룡시
이심원충신정려현판,관광지,충청남도 계룡시 금암1 길 7(금암동),충청남도 계룡시 금암동 281-4,주차장,1995-03-06,5,2,효령대군의 증손인 이심원선생의 충직함을 기리기 위한 현판,042-840-2412,충청남도 계룡시,2023-08-08,충청남도 계룡시
신원재,관광지,충청남도 계룡시 두마면 왕대2길43,충청남도 계룡시 두마면 왕대리 299,주차장,2002-01-10,30,5,사계 김장생 선생의 9번째 아들인 김비 선생의 재실,042-840-2412,충청남도 계룡시,2023-08-08,충청남도 계룡시
